{"weights_input_hidden": [[-1.2880676540268026, -1.1574681062390813], [-1.5750243207164585, 0.05771787988625675]], "bias_hidden": [-4.892845002830105, 1.1970065605661586], "weights_hidden_output": [[-0.37034643266377376], [0.14869583146096238]], "bias_output": [-0.10057989453028159]}