{"weights_input_hidden": [[5.313462938110093, -6.845543855782545], [5.313573464402849, -6.846509661011086]], "bias_hidden": [-8.242083220594612, 2.788249256828028], "weights_hidden_output": [[-11.592902448276556], [-11.3240443358341]], "bias_output": [5.663285091377302]}