{"weights_input_hidden": [[0.12769835447547181, -0.3234042814251088], [-5.740243272111166, 2.1532932334958756]], "bias_hidden": [2.47095625718106, -0.10265527857740535], "weights_hidden_output": [[-8.312791847260804], [2.890063514691242]], "bias_output": [2.08181013941903]}