{"weights_input_hidden": [[0.2594774636179403, -0.25114352584857197], [0.7216271021091516, 6.191129281865678]], "bias_hidden": [0.5658853952905402, -2.9151927595201226], "weights_hidden_output": [[-0.2645008078962647], [8.982500001902787]], "bias_output": [-4.236839752749488]}