{"weights_input_hidden": [[-5.829242446019557, 6.834796709535289], [6.10948234762302, -6.787690940132911]], "bias_hidden": [2.9268157723358925, 3.496245456679872], "weights_hidden_output": [[-7.597114293350062], [-7.487746061148323]], "bias_output": [11.116729037708378]}